"enabled","id","moduleid","permissionsentity","entityid","group"
"true","AaDKPpRUf5XPJpXMMt9O","asset","multidelete",,"users"
"true","AaDKPpRUf5XPJpXMMt9V","asset","downloadfpo",,"users"
"true","AaDKPpRUf5XPJpXMMt9W","asset","convert",,"users"
"true","AaDKPpRUf5XPJpXMMt9b","asset","embedasset",,"users"
"true","AaDKPpRUf5XPJpXMMt9d","asset","editcategories",,"users"
"true","AaDKPpRUf5XPJpXMMt9g","asset","assetpermissions",,"users"
"true","AaDKPpRUf5XPJpXMMt9k","asset","viewmap",,"users"
"true","AaDKPpRUf5XPJpXMMt9q","asset","viewtimeline",,"users"
"true","AaDKPpRUf5XPJpXMMt9s","asset","downloadcategoryzip",,"users"
"true","AaDKPpRUf5XPJpXMMt9x","asset","viewfaceprofile",,"users"
"true","AaDKPpRUf5XPJpXMMt9y","asset","viewerpermissions",,"users"
"true","AaDKPpRUf5XPJpXMMt91","asset","createwithai",,"users"
"true","AaDKPpRUf5XPJpXMMt93","asset","edit",,"users"
"true","AaDKPpRUf5XPJpXMMt9_","asset","chat_add_attachments",,"users"
"true","AaDKPpRUf5XPJpXMMt-C","asset","chat_message_reactions",,"users"
"true","AaDKPpRUf5XPJpXMMt-H","asset","importfolders",,"users"
"true","AaDKPpRUf5XPJpXMMt-P","asset","assetgeneral",,"users"
"true","AaDKPpRUf5XPJpXMMt-Q","asset","assetstatus",,"users"
"true","AaDKN7FIf5XPJpXMMt0u","asset","viewconversions",,"administrators"
"true","AaDKN7FIf5XPJpXMMt0x","asset","downloadfpo",,"administrators"
"true","AaDKN7FIf5XPJpXMMt0z","asset","viewcategorynav",,"administrators"
"true","AaDKN7FIf5XPJpXMMt00","asset","viewrelatedkeywords",,"administrators"
"true","AaDKN7FIf5XPJpXMMt02","asset","viewvoting",,"administrators"
"true","AaDKN7FIf5XPJpXMMt04","asset","quickpublish",,"administrators"
"true","AaDKN7FJf5XPJpXMMt07","asset","editcategories",,"administrators"
"true","AaDKN7FJf5XPJpXMMt1B","asset","capturehistory",,"administrators"
"true","AaDKN7FJf5XPJpXMMt1H","asset","viewassets",,"administrators"
"true","AaDKN7FJf5XPJpXMMt1N","asset","hidedeletedassets",,"administrators"
"true","AaDKN7FJf5XPJpXMMt1V","asset","createwithai",,"administrators"
"true","AaDKN7FJf5XPJpXMMt1l","asset","importurl",,"administrators"
"true","AaDKN7FJf5XPJpXMMt1p","asset","copyentity",,"administrators"
"true","AaDKN7FIf5XPJpXMMt0m","asset","viewmetadatageneral",,"administrators"
"true","AaDKN7FIf5XPJpXMMt0w","asset","quickdownload",,"administrators"
"true","AaDKN7FJf5XPJpXMMt0-","asset","assetpermissions",,"administrators"
"true","AaDKN7FJf5XPJpXMMt0_","asset","converthistory",,"administrators"
"true","AaDKN7FJf5XPJpXMMt1K","asset","downloadcategoryzip",,"administrators"
"true","AaDKN7FJf5XPJpXMMt1L","asset","showunwatermarkedassets",,"administrators"
"true","AaDKN7FJf5XPJpXMMt1a","asset","assign_files",,"administrators"
"true","AaDKN7FJf5XPJpXMMt1m","asset","importassets",,"administrators"
"true","AaDKN7FJf5XPJpXMMt1n","asset","importfolders",,"administrators"
"true","AaDKN7FJf5XPJpXMMt1v","asset","assetgeneral",,"administrators"
"true","AaDKN7FJf5XPJpXMMt1x","asset","assetfileproperties",,"administrators"
"true","AaDKPpRUf5XPJpXMMt9U","asset","quickdownload",,"users"
"true","AaDKPpRUf5XPJpXMMt9X","asset","viewcategorytree",,"users"
"true","AaDKPpRUf5XPJpXMMt9Y","asset","viewrelatedkeywords",,"users"
"true","AaDKPpRUf5XPJpXMMt9n","asset","mediaeditsaveas",,"users"
"true","AaDKPpRUf5XPJpXMMt9u","asset","showpendingassets",,"users"
"true","AaDKPpRUf5XPJpXMMt9w","asset","viewbreadcrumb",,"users"
"true","AaDKPpRUf5XPJpXMMt-A","asset","chat_send_messages",,"users"
"true","AaDKPpRUf5XPJpXMMt-B","asset","chat_edit_messages",,"users"
"true","AaDKPpRUf5XPJpXMMt-L","asset","downloadall",,"users"
"true","AaDKPpRUf5XPJpXMMt-O","asset","exportpulltoserver",,"users"
"true","AaDKN7FIf5XPJpXMMt0l","asset","editallassets",,"administrators"
"true","AaDKN7FIf5XPJpXMMt0o","asset","deleteasset",,"administrators"
"true","AaDKN7FIf5XPJpXMMt0t","asset","printpreview",,"administrators"
"true","AaDKN7FIf5XPJpXMMt0v","asset","download",,"administrators"
"true","AaDKN7FIf5XPJpXMMt01","asset","viewupload",,"administrators"
"true","AaDKN7FIf5XPJpXMMt03","asset","embedasset",,"administrators"
"true","AaDKN7FJf5XPJpXMMt08","asset","showbadge",,"administrators"
"true","AaDKN7FJf5XPJpXMMt1D","asset","viewmediaedit",,"administrators"
"true","AaDKN7FJf5XPJpXMMt1O","asset","viewbreadcrumb",,"administrators"
"true","AaDKN7FJf5XPJpXMMt1P","asset","viewapprovereject",,"administrators"
"true","AaDKN7FJf5XPJpXMMt1Q","asset","viewallorders",,"administrators"
"true","AaDKN7FJf5XPJpXMMt1S","asset","viewerpermissions",,"administrators"
"true","AaDKN7FJf5XPJpXMMt1b","asset","assign_folders",,"administrators"
"true","AaDKN7FJf5XPJpXMMt1c","asset","share",,"administrators"
"true","AaDKN7FJf5XPJpXMMt1e","asset","view_assetworkflow",,"administrators"
"true","AaDKN7FJf5XPJpXMMt1g","asset","chat_send_messages",,"administrators"
"true","AaDKN7FJf5XPJpXMMt1s","asset","shareentity",,"administrators"
"true","AaDKPpRUf5XPJpXMMt9M","asset","viewmetadatageneral",,"users"
"true","AaDKPpRUf5XPJpXMMt9a","asset","viewvoting",,"users"
"true","AaDKPpRUf5XPJpXMMt9i","asset","viewassetpreviewhistory",,"users"
"true","AaDKPpRUf5XPJpXMMt9j","asset","capturehistory",,"users"
"true","AaDKPpRUf5XPJpXMMt9l","asset","viewmediaedit",,"users"
"true","AaDKPpRUf5XPJpXMMt9o","asset","viewcroppingtool",,"users"
"true","AaDKPpRUf5XPJpXMMt9r","asset","viewclosedcaptions",,"users"
"true","AaDKPpRUf5XPJpXMMt90","asset","create",,"users"
"true","AaDKPpRUf5XPJpXMMt97","asset","assign_folders",,"users"
"true","AaDKPpRUf5XPJpXMMt99","asset","publishinggallery",,"users"
"true","AaDKPpRUf5XPJpXMMt-F","asset","importurl",,"users"
"true","AaDKPpRUf5XPJpXMMt-G","asset","importassets",,"users"
"true","AaDKPpRUf5XPJpXMMt-I","asset","importpushtoserver",,"users"
"true","AaDKPpRUf5XPJpXMMt-J","asset","copyentity",,"users"
"true","AaDKPpRUf5XPJpXMMt-R","asset","assetfileproperties",,"users"
"true","AaDKPpRUf5XPJpXMMt-S","asset","assetlightboxes",,"users"
"true","AaDKN7FIf5XPJpXMMt0p","asset","multidelete",,"administrators"
"true","AaDKN7FIf5XPJpXMMt0q","asset","emaillink",,"administrators"
"true","AaDKN7FIf5XPJpXMMt0s","asset","shareasset",,"administrators"
"true","AaDKN7FIf5XPJpXMMt06","asset","editassetcategories",,"administrators"
"true","AaDKN7FJf5XPJpXMMt09","asset","deletecomments",,"administrators"
"true","AaDKN7FJf5XPJpXMMt1A","asset","viewassetpreviewhistory",,"administrators"
"true","AaDKN7FJf5XPJpXMMt1G","asset","viewcroppingtool",,"administrators"
"true","AaDKN7FJf5XPJpXMMt1I","asset","viewtimeline",,"administrators"
"true","AaDKN7FJf5XPJpXMMt1R","asset","viewfaceprofile",,"administrators"
"true","AaDKN7FJf5XPJpXMMt1T","asset","view",,"administrators"
"true","AaDKN7FJf5XPJpXMMt1U","asset","create",,"administrators"
"true","AaDKN7FJf5XPJpXMMt1W","asset","createassetswithai",,"administrators"
"true","AaDKN7FJf5XPJpXMMt1X","asset","edit",,"administrators"
"true","AaDKN7FJf5XPJpXMMt1Y","asset","delete",,"administrators"
"true","AaDKN7FJf5XPJpXMMt1f","asset","chat_add_attachments",,"administrators"
"true","AaDKN7FJf5XPJpXMMt1o","asset","importpushtoserver",,"administrators"
"true","AaDKN7FJf5XPJpXMMt1u","asset","exportpulltoserver",,"administrators"
"true","AaDKPpRUf5XPJpXMMt9L","asset","editallassets",,"users"
"true","AaDKPpRUf5XPJpXMMt9N","asset","editmetadatasetup",,"users"
"true","AaDKPpRUf5XPJpXMMt9P","asset","publish",,"users"
"true","AaDKPpRUf5XPJpXMMt9R","asset","printpreview",,"users"
"true","AaDKPpRUf5XPJpXMMt9Z","asset","viewupload",,"users"
"true","AaDKPpRUf5XPJpXMMt9e","asset","showbadge",,"users"
"true","AaDKPpRUf5XPJpXMMt9h","asset","converthistory",,"users"
"true","AaDKPpRUf5XPJpXMMt9t","asset","showunwatermarkedassets",,"users"
"true","AaDKPpRUf5XPJpXMMt9z","asset","view",,"users"
"true","AaDKPpRUf5XPJpXMMt-D","asset","upload_files",,"users"
"true","AaDKPpRUf5XPJpXMMt-N","asset","postizshare",,"users"
"true","AaC28OtAVVwP4zQMKVhg","asset","assetgeneral",,"guests"
"true","AaDKN7FIf5XPJpXMMt0n","asset","editmetadatasetup",,"administrators"
"true","AaDKN7FIf5XPJpXMMt0r","asset","publish",,"administrators"
"true","AaDKN7FIf5XPJpXMMt0y","asset","convert",,"administrators"
"true","AaDKN7FIf5XPJpXMMt05","asset","editadvancedsearch",,"administrators"
"true","AaDKN7FJf5XPJpXMMt1C","asset","viewmap",,"administrators"
"true","AaDKN7FJf5XPJpXMMt1E","asset","mediaeditsave",,"administrators"
"true","AaDKN7FJf5XPJpXMMt1F","asset","mediaeditsaveas",,"administrators"
"true","AaDKN7FJf5XPJpXMMt1J","asset","viewclosedcaptions",,"administrators"
"true","AaDKN7FJf5XPJpXMMt1M","asset","showpendingassets",,"administrators"
"true","AaDKN7FJf5XPJpXMMt1Z","asset","view_files",,"administrators"
"true","AaDKN7FJf5XPJpXMMt1d","asset","publishinggallery",,"administrators"
"true","AaDKN7FJf5XPJpXMMt1h","asset","chat_edit_messages",,"administrators"
"true","AaDKN7FJf5XPJpXMMt1i","asset","chat_message_reactions",,"administrators"
"true","AaDKN7FJf5XPJpXMMt1j","asset","upload_files",,"administrators"
"true","AaDKN7FJf5XPJpXMMt1k","asset","upload_folders",,"administrators"
"true","AaDKN7FJf5XPJpXMMt1q","asset","moveentity",,"administrators"
"true","AaDKN7FJf5XPJpXMMt1r","asset","downloadall",,"administrators"
"true","AaDKN7FJf5XPJpXMMt1t","asset","postizshare",,"administrators"
"true","AaDKN7FJf5XPJpXMMt1w","asset","assetstatus",,"administrators"
"true","AaDKN7FJf5XPJpXMMt1y","asset","assetlightboxes",,"administrators"
"true","AaDKPpRUf5XPJpXMMt9Q","asset","shareasset",,"users"
"true","AaDKPpRUf5XPJpXMMt9S","asset","viewconversions",,"users"
"true","AaDKPpRUf5XPJpXMMt9T","asset","download",,"users"
"true","AaDKPpRUf5XPJpXMMt9c","asset","editassetcategories",,"users"
"true","AaDKPpRUf5XPJpXMMt9f","asset","deletecomments",,"users"
"true","AaDKPpRUf5XPJpXMMt9m","asset","mediaeditsave",,"users"
"true","AaDKPpRUf5XPJpXMMt9p","asset","viewassets",,"users"
"true","AaDKPpRUf5XPJpXMMt9v","asset","hidedeletedassets",,"users"
"true","AaDKPpRUf5XPJpXMMt92","asset","createassetswithai",,"users"
"true","AaDKPpRUf5XPJpXMMt94","asset","delete",,"users"
"true","AaDKPpRUf5XPJpXMMt95","asset","view_files",,"users"
"true","AaDKPpRUf5XPJpXMMt96","asset","assign_files",,"users"
"true","AaDKPpRUf5XPJpXMMt98","asset","share",,"users"
"true","AaDKPpRUf5XPJpXMMt9-","asset","view_assetworkflow",,"users"
"true","AaDKPpRUf5XPJpXMMt-E","asset","upload_folders",,"users"
"true","AaDKPpRUf5XPJpXMMt-K","asset","moveentity",,"users"
"true","AaDKPpRUf5XPJpXMMt-M","asset","shareentity",,"users"